{
  "warmup": {
    "train_loss": [
      0.5103621412296888,
      0.34959007814989995
    ],
    "train_acc": [
      0.8220303462151061,
      0.8749266493419399
    ],
    "val_loss": [
      0.27656050088003525,
      0.2552498845759593
    ],
    "val_acc": [
      0.9026128266033254,
      0.9116389548693586
    ]
  },
  "finetune": {
    "train_loss": [
      0.33606918570491473,
      0.19085638350681045,
      0.1324045114685748
    ],
    "train_acc": [
      0.8879201944840305,
      0.9313437840556626,
      0.9539777013999498
    ],
    "val_loss": [
      0.211365642796786,
      0.22316486400125146,
      0.29874907587245636
    ],
    "val_acc": [
      0.9292161520190024,
      0.9287410926365796,
      0.903562945368171
    ]
  }
}